2015/10/15;08:20:51;+0200;IN;Corporate Customers;183.82.51.115;/uploads/RUHAExportUtilElements/6.0/Class_RUHAExportUtilElements.xpo 
2015/10/15;09:32:29;+0200;US;Google Inc.;64.233.173.254;/uploads/RUHAExportUtilElements/6.0/Class_RUHAExportUtilElements.xpo 
2015/10/23;11:14:11;+0200;IN;Tikona Digital Networks Pvt. LTD3rd Floor,Corpora Park,LBS Road,Bhandup West;1.23.70.18;/uploads/RUHAExportUtilElements/6.0/Class_RUHAExportUtilElements.xpo 
2015/10/30;01:17:57;+0100;DK;Telenor A/S;213.83.134.146;/uploads/AXTestService/AXTestService.zip 
2015/11/15;15:09:11;+0100;SE;B2 customers in sto40.se;83.226.188.6;/uploads/RUHAExportUtilElements/6.0/Class_RUHAExportUtilElements.xpo 
2015/11/15;15:10:29;+0100;SE;B2 customers in sto40.se;83.226.188.6;/uploads/DevCreateClasses/6.0/DevCreateClasses.zip 
2015/12/24;09:57:03;+0100;IT;NICE S.P.A.Provider Local RegistryBB IBS;80.21.121.254;/uploads/DevCreateClasses/6.0/DevCreateClasses.zip 
2015/12/24;09:58:20;+0100;IT;NICE S.P.A.Provider Local RegistryBB IBS;80.21.121.254;/uploads/DevCreateClasses/6.0/DevCreateClasses.zip 
2015/12/26;22:01:57;+0100;US;Google Inc.;66.249.78.161;/uploads/RUHAExportUtilElements/6.0/Class_RUHAExportUtilElements.xpo 
2015/12/26;22:03:10;+0100;US;Google Inc.;66.249.79.83;/uploads/RUHAExportUtilElements/5.0/Class_RUHAExportUtilElements.xpo 
2015/12/27;05:09:13;+0100;CN;Beijing Baidu Netcom Science and Technology Co., Ltd.Baidu Plaza, No.10, Shangdi 10th street,Haidian District Beijing,100080;180.76.15.138;/uploads/RUHAExportUtilElements/6.0/Class_RUHAExportUtilElements.xpo 
2015/12/27;15:33:53;+0100;CN;Beijing Baidu Netcom Science and Technology Co., Ltd.Baidu Plaza, No.10, Shangdi 10th street,Haidian District Beijing,100080;180.76.15.7;/uploads/RUHAExportUtilElements/5.0/Class_RUHAExportUtilElements.xpo 
2015/12/28;00:22:16;+0100;CN;Beijing Baidu Netcom Science and Technology Co., Ltd.Baidu Plaza, No.10, Shangdi 10th street,Haidian District Beijing,100080;180.76.15.17;/uploads/RUHAExportUtilElements/5.0/Class_RUHAExportUtilElements.xpo 
2015/12/28;06:34:47;+0100;CN;Beijing Baidu Netcom Science and Technology Co., Ltd.Baidu Plaza, No.10, Shangdi 10th street,Haidian District Beijing,100080;180.76.15.150;/uploads/RUHAExportUtilElements/6.0/Class_RUHAExportUtilElements.xpo 
2016/01/11;04:18:48;+0100;SG;CWT DISTRIBUTION LTD24 JURONG PORT ROAD#03-00 CWT DISTRIPARKSingapore 619097;203.126.7.69;/uploads/RUHAExportUtilElements/5.0/Class_RUHAExportUtilElements.xpo 
2016/01/19;14:14:55;+0100;MD;JSC "Moldtelecom" S.A.Chisinau, Moldova;92.115.34.73;/uploads/AXTestService/AXTestService.zip 
2016/02/25;21:10:36;+0100;US;Google Inc.;66.249.79.81;/uploads/RUHAExportUtilElements/5.0/Class_RUHAExportUtilElements.xpo 
2016/02/29;09:19:32;+0100;US;Yahoo! Inc.;68.180.229.172;/uploads/RUHAExportUtilElements/5.0/Class_RUHAExportUtilElements.xpo 
2016/02/29;11:42:03;+0100;US;Google Inc.;66.249.66.32;/uploads/RUHAExportUtilElements/Class_RUHAExportUtilElements_V01_06.xpo 
2016/02/29;14:44:18;+0100;US;Rackspace Hosting;166.78.95.139;/uploads/RUHAExportUtilElements/Class_RUHAExportUtilElements_V01_06.xpo 
2016/02/29;15:40:48;+0100;DE;TSBS GmbH fuer Franke und PahlGes.fuer techn Dienstleistungen;62.154.217.114;/uploads/RUHAExportUtilElements/Class_RUHAExportUtilElements_V01_06.xpo 
2016/02/29;20:51:46;+0100;CA;Societe GRICS;199.84.132.4;/uploads/RUHAExportUtilElements/Class_RUHAExportUtilElements_V01_06.xpo 
2016/03/01;09:00:54;+0100;US;PSINet, Inc.;149.86.184.62;/uploads/RUHAExportUtilElements/Class_RUHAExportUtilElements_V01_06.xpo 
2016/03/01;20:34:18;+0100;PL;blueconnect;188.146.133.237;/uploads/RUHAExportUtilElements/Class_RUHAExportUtilElements_V01_06.xpo 
2016/03/13;06:40:04;+0100;US;Google Inc.;66.249.69.90;/uploads/RUHAExportUtilElements/Class_RUHAExportUtilElements_V01_06.xpo 
2016/03/15;12:47:59;+0100;US;Google Inc.;66.249.64.192;/uploads/RUHAExportUtilElements/Class_RUHAExportUtilElements_V01_06.xpo 
2016/03/16;16:18:56;+0100;US;Rackspace Hosting;166.78.95.139;/uploads/DevCreate/DevCreateV1.05.zip 
2016/03/16;16:33:11;+0100;IT;ETHICA CONSULTING public subnet;151.0.185.194;/uploads/DevCreate/DevCreateV1.05.zip 
2016/03/17;09:36:46;+0100;IN;TATA TELESERVICES LTD - TATA INDICOM - CDMA DIVISIOND26/2 TTC INDUSTRIAL AREAMIDC SANAPADA PO TURBHE;14.98.120.238;/uploads/DevCreate/DevCreateV1.05.zip 
2016/03/17;13:32:10;+0100;US;Rackspace Hosting;166.78.95.139;/uploads/DevCreate/DevCreateV1.06.zip 
2016/03/17;13:38:46;+0100;DE;;212.117.82.182;/uploads/DevCreate/DevCreateV1.06.zip 
2016/03/17;14:48:24;+0100;IT;ETHICA CONSULTING public subnet;151.0.185.194;/uploads/DevCreate/DevCreateV1.06.zip 
2016/03/17;17:21:48;+0100;US;Utah Broadband LLC;66.29.181.102;/uploads/DevCreate/DevCreateV1.05.zip 
2016/03/17;18:11:49;+0100;US;Rackspace Cloud Servers;166.78.244.34;/uploads/DevCreate/DevCreateV1.06.zip 
2016/03/17;18:11:50;+0100;US;Rackspace Cloud Servers;166.78.244.34;/uploads/DevCreate/DevCreateV1.06.zip 
2016/03/17;18:11:51;+0100;US;Rackspace Cloud Servers;166.78.244.34;/uploads/RUHAExportUtilElements/Class_RUHAExportUtilElements_V01_06.xpo 
2016/03/18;11:11:13;+0100;IN;Pioneer Elabs Ltd.;202.65.159.107;/uploads/DevCreate/DevCreateV1.06.zip 
2016/03/18;11:11:18;+0100;IN;Pioneer Elabs Ltd.;202.65.159.107;/uploads/DevCreate/DevCreateV1.06.zip 
2016/03/18;11:11:35;+0100;IN;Pioneer Elabs Ltd.;202.65.159.107;/uploads/RUHAExportUtilElements/Class_RUHAExportUtilElements_V01_06.xpo 
2016/03/18;11:12:43;+0100;IN;Pioneer Elabs Ltd.;202.65.159.107;/uploads/DevCreateClasses/6.0/DevCreateClasses.zip 
2016/03/18;11:13:02;+0100;IN;Pioneer Elabs Ltd.;202.65.159.107;/uploads/AXTestService/AXTestService.zip 
2016/03/18;11:13:56;+0100;IN;Pioneer Elabs Ltd.;202.65.159.107;/uploads/DevCreate/DevCreateV1.06.zip 
2016/03/18;11:14:08;+0100;IN;Pioneer Elabs Ltd.;202.65.159.107;/uploads/DevCreate/DevCreateV1.06.zip 
2016/03/18;11:42:00;+0100;IN;Pioneer Elabs Ltd.;202.65.159.107;/uploads/RUHAExportUtilElements/Class_RUHAExportUtilElements_V01_06.xpo 
2016/03/18;21:55:15;+0100;US;Microsoft Corporation;207.46.13.102;/uploads/RUHAExportUtilElements/Class_RUHAExportUtilElements_V01_06.xpo 
2016/03/20;23:32:44;+0100;US;Microsoft Corporation;207.46.13.81;/uploads/RUHAExportUtilElements/Class_RUHAExportUtilElements_V01_06.xpo 
2016/03/25;07:47:40;+0100;FR;Please visit us : http://www.3ds.com;178.255.215.92;/uploads/RUHAExportUtilElements/Class_RUHAExportUtilElements_V01_06.xpo 
2016/03/25;15:04:09;+0100;US;Microsoft Corporation;207.46.13.69;/uploads/RUHAExportUtilElements/Class_RUHAExportUtilElements_V01_06.xpo 
2016/03/30;12:21:00;+0200;FR;OVH SAS;51.255.65.42;/uploads/RUHAExportUtilElements/Class_RUHAExportUtilElements_V01_06.xpo 
2016/04/02;03:34:42;+0200;UA;;91.200.12.58;/uploads/AXTestService/AXTestService.zip/xmlrpc.php 
2016/04/02;03:34:42;+0200;UA;;91.200.12.58;/uploads/AXTestService/xmlrpc.php 
2016/04/02;03:34:42;+0200;UA;;91.200.12.58;/uploads/DevCreate/xmlrpc.php 
2016/04/02;03:34:42;+0200;UA;;91.200.12.58;/uploads/DevCreateClasses/6.0/DevCreateClasses.zip/xmlrpc.php 
2016/04/02;03:34:42;+0200;UA;;91.200.12.58;/uploads/DevCreateClasses/6.0/xmlrpc.php 
2016/04/02;03:34:42;+0200;UA;;91.200.12.58;/uploads/DevCreateClasses/xmlrpc.php 
2016/04/02;03:34:42;+0200;UA;;91.200.12.58;/uploads/RUHAExportUtilElements/xmlrpc.php 
2016/04/02;03:34:42;+0200;UA;;91.200.12.58;/uploads/xmlrpc.php 
2016/04/02;03:34:42;+0200;UA;;91.200.12.58;/uploads/xmlrpc.php 
2016/04/02;03:34:42;+0200;UA;;91.200.12.58;/uploads/xmlrpc.php 
2016/04/02;03:34:42;+0200;UA;;91.200.12.58;/uploads/xmlrpc.php 
2016/04/02;15:43:26;+0200;US;Yahoo! Inc.;68.180.229.44;/uploads/RUHAExportUtilElements/6.0/Class_RUHAExportUtilElements.xpo 
2016/04/23;14:04:31;+0200;RU;Yandex enterprise network;141.8.142.13;/uploads/RUHAExportUtilElements/Class_RUHAExportUtilElements_V01_06.xpo 
2016/04/24;13:28:47;+0200;HR;XNET-BNETINFRA-AW;46.234.80.31;/uploads/DevCreate/DevCreateV1.06.zip 
2016/04/25;09:10:13;+0200;QA;APC-BRAS-POOL-6;178.152.39.254;/uploads/DevCreate/DevCreateV1.06.zip 
2016/04/25;22:25:45;+0200;RU;Yandex enterprise network;141.8.142.13;/uploads/RUHAExportUtilElements/6.0/Class_RUHAExportUtilElements.xpo 
2016/04/27;23:43:46;+0200;RU;Yandex enterprise network;141.8.142.13;/uploads/RUHAExportUtilElements/5.0/Class_RUHAExportUtilElements.xpo 
2016/04/28;08:44:55;+0200;US;Yahoo! Inc.;68.180.229.44;/uploads/RUHAExportUtilElements/Class_RUHAExportUtilElements_V01_06.xpo 
2016/05/16;05:24:37;+0200;CA;OVH Hosting, Inc.;158.69.241.29;/uploads/RUHAExportUtilElements/Class_RUHAExportUtilElements_V01_06.xpo 
2016/05/24;02:04:41;+0200;US;Yahoo! Inc.;68.180.230.159;/uploads/RUHAExportUtilElements/6.0/Class_RUHAExportUtilElements.xpo 
2016/06/13;13:59:23;+0200;IN;TALISMA CORPORATION PVT Ln/aBagmane Tec Park3rd Floor Olympia ,BuildingBangaloreKARNATAKAIndiaContact Person: RAVI PRASAD SEmail: racviprasad@talisma.comPhone: 9845227498;182.72.231.6;/uploads/DevCreate/DevCreateV1.06.zip 
2016/06/26;21:00:21;+0200;US;Google Inc.;66.249.75.209;/uploads/RUHAExportUtilElements/Class_RUHAExportUtilElements_V01_06.xpo 
2016/06/27;09:00:48;+0200;US;Yahoo! Inc.;68.180.230.95;/uploads/RUHAExportUtilElements/Class_RUHAExportUtilElements_V01_06.xpo 
2016/07/10;04:51:20;+0200;FR;Please visit us : http://www.3ds.com;178.255.215.92;/uploads/RUHAExportUtilElements/Class_RUHAExportUtilElements_V01_06.xpo 
2016/07/14;12:06:44;+0200;US;Google Inc.;66.249.69.162;/uploads/RUHAExportUtilElements/6.0/Class_RUHAExportUtilElements.xpo 
2016/07/19;11:11:43;+0200;DE;Kabel Deutschland Breitband Customer 21;188.195.65.164;/uploads/RUHAExportUtilElements/Class_RUHAExportUtilElements_V01_06.xpo 
2016/08/11;05:21:44;+0200;LK;Leased Line Customer LANSri Lanka Telecom, Lotus Rd, Colombo-01;203.115.28.131;/uploads/AXTestService/AXTestService.zip 
2016/08/15;09:14:30;+0200;DK;;195.110.17.10;/uploads/RUHAExportUtilElements/Class_RUHAExportUtilElements_V01_06.xpo 
2016/08/15;21:19:15;+0200;SE;Com Hem customer broadband accessISPG + south********************************                Abuse & intrusion reports should be done online at:                http://www.comhem.se/portal/comhem/kundservice_abuse                ********************************;83.249.51.114;/uploads/RUHAExportUtilElements/Class_RUHAExportUtilElements_V01_06.xpo 
2016/08/15;21:49:17;+0200;SE;Com Hem customer broadband accessISPG + south********************************                Abuse & intrusion reports should be done online at:                http://www.comhem.se/portal/comhem/kundservice_abuse                ********************************;83.249.51.114;/uploads/RUHAExportUtilElements/5.0/Class_RUHAExportUtilElements.xpo 
2016/08/15;23:57:06;+0200;SE;Com Hem customer broadband accessISPG + south********************************                Abuse & intrusion reports should be done online at:                http://www.comhem.se/portal/comhem/kundservice_abuse                ********************************;83.249.51.114;/uploads/RUHAExportUtilElements/6.0/Class_RUHAExportUtilElements.xpo 
2016/08/30;19:16:31;+0200;CZ;Seznam.cz;77.75.76.164;/uploads/DevCreate/DevCreateV1.06.zip 
2016/08/31;16:06:36;+0200;CZ;Seznam.cz;77.75.77.101;/uploads/DevCreate/DevCreateV1.06.zip 
2016/09/07;08:52:08;+0200;CZ;Seznam.cz;77.75.76.165;/uploads/AXTestService/AXTestService.zip 
2016/09/08;17:22:18;+0200;US;Amazon Technologies Inc.;54.225.42.82;/uploads/RUHAExportUtilElements/Class_RUHAExportUtilElements_V01_06.xpo 
2016/10/01;12:18:43;+0200;US;Google Inc.;66.249.65.22;/uploads/RUHAExportUtilElements/Class_RUHAExportUtilElements_V01_06.xpo 
2016/10/02;18:16:13;+0200;US;Rackspace Hosting;166.78.95.139;/uploads/AXCompileProgress/AXCompileProgressV1.00.zip 
2016/10/02;18:18:41;+0200;DE;Server Block;144.76.78.198;/uploads/AXCompileProgress/AXCompileProgressV1.00.zip 
2016/10/02;18:39:36;+0200;DE;Hetzner Online AGDatacenter Nuernberg;88.198.36.15;/uploads/AXCompileProgress/AXCompileProgressV1.00.zip 
2016/10/02;19:47:27;+0200;US;SCANSAFE SERVICES LLC;108.171.128.169;/uploads/AXCompileProgress/AXCompileProgressV1.00.zip 
2016/10/02;19:53:24;+0200;US;SCANSAFE SERVICES LLC;108.171.128.169;/uploads/DevCreate/DevCreateV1.06.zip 
2016/10/03;14:29:11;+0200;BR;TELEFNICA BRASIL S.A;200.158.101.151;/uploads/AXCompileProgress/AXCompileProgressV1.00.zip 
2016/10/03;14:45:13;+0200;US;Google Inc.;66.249.73.177;/uploads/RUHAExportUtilElements/Class_RUHAExportUtilElements_V01_06.xpo 
2016/10/05;12:26:57;+0200;US;Google Inc.;66.249.64.159;/uploads/RUHAExportUtilElements/5.0/Class_RUHAExportUtilElements.xpo 
2016/10/15;18:04:26;+0200;DE;Hetzner Online AGDatacenter Nuernberg;88.198.36.15;/uploads/AxDynManager/AxDynManagerV1.00.zip 
2016/10/15;18:25:04;+0200;DE;Server Block;144.76.78.198;/uploads/AxDynManager/AxDynManagerV1.00.zip 
2016/10/16;16:02:07;+0200;US;Level 3 Communications, Inc.;4.79.123.2;/uploads/AxDynManager/AxDynManagerV1.00.zip 
2016/10/16;16:03:12;+0200;US;GTT;70.39.157.192;/uploads/AxDynManager/AxDynManagerV1.00.zip])This 
2016/10/16;16:03:12;+0200;US;GTT;70.39.157.199;/uploads/AxDynManager/AxDynManagerV1.00.zip 
2016/10/16;19:29:07;+0200;BR;CLARO S.A.;179.156.125.202;/uploads/ 
2016/10/17;06:25:57;+0200;IN;INTERNET SERVICE PROVIDER;202.133.59.10;/uploads/AxDynManager/AxDynManagerV1.00.zip 
2016/10/19;06:08:35;+0200;SG;MSIT Edge HyderabadBuilding 1, Microsoft CampusGachibowliHyderabad, 500046;167.220.238.27;/uploads/AxDynManager/AxDynManagerV1.00.zip 
2016/10/24;08:56:23;+0200;DK;;195.245.193.60;/uploads 
2016/10/24;08:56:23;+0200;DK;;195.245.193.60;/uploads/ 
2016/10/24;14:43:01;+0200;US;Seminole Electric;66.77.171.250;/uploads/AXCompileProgress/AXCompileProgressV1.00.zip 
2016/10/25;22:30:37;+0200;US;Rackspace Cloud Servers;166.78.244.34;/uploads/AXCompileProgress/AXCompileProgressV1.00.zip 
2016/10/26;13:24:57;+0200;DK;;195.245.193.60;/uploads/AxDynManager/AxDynManagerV1.01.zip 
2016/10/26;13:25:32;+0200;US;Rackspace Cloud Servers;166.78.244.34;/uploads/AxDynManager/AxDynManagerV1.01.zip 
2016/10/26;14:17:38;+0200;US;Microsoft Corporation;104.42.198.99;/uploads/AxDynManager/AxDynManagerV1.01.zip 
2016/10/26;14:18:30;+0200;US;Microsoft Corporation;104.42.198.99;/uploads/AxDynManager/AxDynManagerV1.01.zip 
2016/10/26;14:21:59;+0200;US;Microsoft Corporation;104.42.198.99;/uploads/AxDynManager/AxDynManagerV1.01.zip 
2016/10/26;14:36:12;+0200;US;Rackspace Hosting;166.78.95.139;/uploads/AxDynManager/AxDynManagerV1.01.zip 
2016/10/29;01:25:14;+0200;US;Yahoo! Inc.;68.180.229.224;/uploads/RUHAExportUtilElements/Class_RUHAExportUtilElements_V01_06.xpo 
2016/10/31;12:31:45;+0100;DK;;195.245.193.15;/uploads/AxDynManager/AxDynManagerV1.01.zip 
2016/10/31;13:37:57;+0100;DK;;195.245.193.15;/uploads/AxDynManager.exe 
2016/10/31;13:39:12;+0100;DK;;195.245.193.15;/uploads/AxDynManager.zip 
2016/11/01;08:38:41;+0100;DK;;195.245.193.15;/uploads/AxDynManager.exe 
2016/11/01;08:38:41;+0100;US;Level 3 Communications, Inc.;8.28.16.254;/uploads/AxDynManager.exe 
2016/11/01;08:38:50;+0100;DK;;195.245.193.15;/uploads/AxDynManager.zip 
2016/11/01;10:13:05;+0100;DK;;195.245.193.15;/uploads/AxDynManager.zip 
2016/11/02;13:51:23;+0100;DK;;195.245.193.15;/uploads/AxDynManager.zip 
2016/11/07;13:23:14;+0100;DK;;195.245.193.15;/uploads/AxDynManager.zip 
2016/11/07;13:40:38;+0100;DK;;195.245.193.15;/uploads/AxDynManager.zip 
2016/11/08;08:16:38;+0100;DK;;195.245.193.15;/uploads/Notepad++.zip 
2016/11/08;11:32:39;+0100;US;Rackspace Hosting;166.78.95.139;/uploads/AxDynManager/AxDynManagerV1.02.zip 
2016/11/08;11:38:35;+0100;DE;Server Block;138.201.248.33;/uploads/AxDynManager/AxDynManagerV1.02.zip 
2016/11/08;12:34:11;+0100;DK;;195.245.193.15;/uploads/AxDynManager/AxDynManagerV1.02.zip 
2016/11/08;12:38:17;+0100;US;Rackspace Cloud Servers;166.78.244.34;/uploads/AxDynManager/AxDynManagerV1.02.zip 
2016/11/08;23:24:59;+0100;AU;Vocus Communications Ltd;49.255.209.198;/uploads/AxDynManager/AxDynManagerV1.02.zip 
2016/11/09;03:43:52;+0100;;;181.41.212.123;/uploads/AxDynManager/AxDynManagerV1.02.zip 
2016/11/09;05:57:20;+0100;EU;EDIS Infrastructure in Hong Kong;151.236.20.14;/uploads/AxDynManager/AxDynManagerV1.02.zip 
2016/11/09;10:13:20;+0100;US;Vultr Holdings, LLC;108.61.168.67;/uploads/AxDynManager/AxDynManagerV1.02.zip 
2016/11/09;10:17:43;+0100;AE;Emirates Telecommunications CorporationP O Box 1150, Dubai, UAE;86.98.53.122;/uploads/AxDynManager/AxDynManagerV1.02.zip 
2016/11/09;11:16:18;+0100;DK;;195.245.193.15;/uploads/AxDynManager/AxDynManagerV1.02.zip 
2016/11/09;18:17:21;+0100;CL;Digital Energy Technologies Limited;181.41.212.123;/uploads/AxDynManager/AxDynManagerV1.02.zip 
2016/11/10;10:27:10;+0100;EU;EDIS Infrastructure in Hong Kong;151.236.20.14;/uploads/AxDynManager/AxDynManagerV1.02.zip 
2016/11/11;18:38:12;+0100;US;Linode;69.164.213.14;/uploads/AxDynManager/AxDynManagerV1.02.zip 
2016/11/12;16:52:41;+0100;US;Microsoft Corporation;40.78.27.43;/uploads/AxDynManager/AxDynManagerV1.02.zip 
2016/11/12;16:55:23;+0100;US;Microsoft Corporation;104.42.198.99;/uploads/AxDynManager/AxDynManagerV1.02.zip 
2016/11/12;17:10:25;+0100;US;Microsoft Corporation;104.42.198.99;/uploads/AxDynManager/AxDynManagerV1.02.zip 
2016/11/16;11:36:54;+0100;DK;;195.245.193.15;/uploads/AxDynManager.zip 
2016/11/24;12:04:55;+0100;DK;;195.245.193.15;/uploads/AxDynManager.zip 
2016/12/09;20:38:53;+0100;US;Google Inc.;66.249.93.18;/uploads/AxDynManager/AxDynManagerV1.02.zip 
2016/12/09;23:07:35;+0100;US;Microsoft Corporation;104.42.198.99;/uploads/AxDynManager/AxDynManagerV1.02.zip 
2016/12/12;13:30:26;+0100;DK;;195.245.193.15;/uploads/AxDynManager.zip 
2016/12/15;10:44:57;+0100;DK;;195.245.193.15;/uploads/Rudi.zip 
2017/02/17;09:57:56;+0100;DE;;212.117.82.182;/uploads/AxDynManager/AxDynManagerV1.02.zip 
2017/02/17;09:58:28;+0100;DE;;194.31.241.183;/uploads/AxDynManager/AxDynManagerV1.02.zip 
2017/02/17;09:58:34;+0100;DE;;212.117.82.182;/uploads/AxDynManager/AxDynManagerV1.02.zip 
2017/02/22;21:49:52;+0100;US;Rackspace Hosting;166.78.95.139;/uploads/AxDynManager/AxDynManagerV1.03.zip 
2017/02/22;21:51:04;+0100;US;Rackspace Cloud Servers;166.78.244.34;/uploads/AxDynManager/AxDynManagerV1.03.zip 
2017/02/22;21:51:47;+0100;DE;Hetzner Online AGDatacenter Nuernberg;88.198.36.15;/uploads/AxDynManager/AxDynManagerV1.03.zip 
2017/02/23;09:02:45;+0100;NO;EG A/S;62.92.102.18;/uploads/AxDynManager/AxDynManagerV1.03.zip 
2017/02/23;09:04:00;+0100;NO;EG A/S;62.92.102.18;/uploads/AxDynManager/AxDynManagerV1.03.zip 
2017/02/23;09:19:48;+0100;NO;EG A/S;62.92.102.18;/uploads/AxDynManager/AxDynManagerV1.03.zip 
2017/02/23;16:56:43;+0100;US;Microsoft Corporation;104.42.198.99;/uploads/AxDynManager/AxDynManagerV1.03.zip 
2017/02/23;17:06:16;+0100;DE;Deutsche Telekom AG;87.185.8.238;/uploads/RUHAExportUtilElements/Class_RUHAExportUtilElements_V01_06.xpo 
2017/02/23;18:32:39;+0100;DE;;212.117.82.182;/uploads/AxDynManager/AxDynManagerV1.03.zip 
2017/02/23;18:33:00;+0100;DE;;194.31.241.183;/uploads/AxDynManager/AxDynManagerV1.03.zip 
2017/02/23;18:33:03;+0100;DE;;212.117.82.182;/uploads/AxDynManager/AxDynManagerV1.03.zip 
2017/02/24;07:35:41;+0100;US;Microsoft Corporation;157.55.39.199;/uploads/RUHAExportUtilElements/6.0/Class_RUHAExportUtilElements.xpo 
2017/02/24;09:37:49;+0100;DK;;91.207.32.40;/uploads/AxDynManager/AxDynManagerV1.03.zip 
2017/02/27;20:40:15;+0100;CA;Societe GRICS;199.84.132.4;/uploads/AxDynManager/AxDynManagerV1.03.zip 
2017/03/01;14:07:22;+0100;DK;YouSee A/SStrandlodsvej 300900 Koebenhavn C;80.197.109.235;/uploads/AxDynManager/AxDynManagerV1.03.zip 
2017/03/02;09:36:22;+0100;DE;;212.117.82.182;/uploads/AxDynManager/AxDynManagerV1.03.zip 
2017/03/03;15:28:02;+0100;DK;Dana Lim;213.150.61.186;/uploads/AxDynManager/AxDynManagerV1.03.zip 
2017/03/05;06:55:02;+0100;RU;Yandex enterprise network;141.8.142.13;/uploads/RUHAExportUtilElements/Class_RUHAExportUtilElements_V01_06.xpo 
2017/03/08;08:52:40;+0100;NO;EG A/S;62.92.102.18;/uploads/AxDynManager/AxDynManagerV1.03.zip 
2017/03/08;09:52:33;+0100;NO;EG A/S;62.92.102.18;/uploads/AxDynManager/AxDynManagerV1.03.zip 
2017/03/08;09:59:47;+0100;NO;EG A/S;62.92.102.18;/uploads/AxDynManager/AxDynManagerV1.02.zip 
2017/03/08;16:48:10;+0100;US;Microsoft Corporation;104.42.198.99;/uploads/AxDynManager/AxDynManagerV1.03.zip 
2017/03/16;08:19:49;+0100;NO;EG A/S;62.92.102.18;/uploads/AxDynManager/AxDynManagerV1.03.zip 
2017/04/09;02:55:51;+0200;US;Yahoo! Inc.;68.180.230.169;/uploads/DevCreateClasses/6.0/DevCreateClasses.zip 
2017/04/10;23:01:15;+0200;US;Yahoo! Inc.;68.180.230.169;/uploads/DevCreate/DevCreateV1.05.zip 
2017/04/11;12:04:51;+0200;US;Yahoo! Inc.;68.180.230.169;/uploads/AxDynManager/AxDynManagerV1.00.zip 
2017/04/12;19:12:52;+0200;US;Yahoo! Inc.;68.180.230.169;/uploads/RUHAExportUtilElements/5.0/Class_RUHAExportUtilElements.xpo 
2017/04/15;00:39:56;+0200;US;Yahoo! Inc.;68.180.230.169;/uploads/DevCreate/DevCreateV1.06.zip 
2017/04/15;10:02:43;+0200;US;Yahoo! Inc.;68.180.230.169;/uploads/RUHAExportUtilElements/Class_RUHAExportUtilElements_V01_06.xpo 
2017/04/15;16:27:56;+0200;US;Yahoo! Inc.;68.180.230.169;/uploads/AXCompileProgress/AXCompileProgressV1.00.zip 
2017/04/15;20:45:22;+0200;US;Yahoo! Inc.;68.180.230.169;/uploads/RUHAExportUtilElements/6.0/Class_RUHAExportUtilElements.xpo 
2017/04/16;05:50:27;+0200;US;Yahoo! Inc.;68.180.230.169;/uploads/AXTestService/AXTestService.zip 
2017/04/17;08:20:44;+0200;US;Yahoo! Inc.;68.180.230.169;/uploads/AxDynManager/AxDynManagerV1.01.zip 
2017/04/18;06:52:27;+0200;US;Yahoo! Inc.;68.180.229.30;/uploads/AxDynManager/AxDynManagerV1.02.zip 
2017/04/21;02:34:25;+0200;US;Microsoft Corporation;167.220.24.215;/uploads/AxDynManager/AxDynManagerV1.03.zip 
2017/04/21;02:35:46;+0200;US;Microsoft Corporation;167.220.24.215;/uploads/AxDynManager/AxDynManagerV1.02.zip 
2017/04/21;02:36:45;+0200;US;Microsoft Corporation;167.220.24.215;/uploads/AxDynManager/AxDynManagerV1.01.zip 
2017/04/21;02:37:03;+0200;US;Microsoft Corporation;167.220.24.215;/uploads/AXCompileProgress/AXCompileProgressV1.00.zip 
2017/05/01;22:31:26;+0200;US;Optimum Online (Cablevision Systems);69.121.0.190;/uploads/DevCreateClasses/6.0/DevCreateClasses.zip 
2017/05/01;23:14:59;+0200;US;Microsoft Corporation;157.55.39.175;/uploads/RUHAExportUtilElements/Class_RUHAExportUtilElements_V01_06.xpo 
2017/05/06;13:05:04;+0200;US;Microsoft Corporation;157.55.39.16;/uploads/RUHAExportUtilElements/5.0/Class_RUHAExportUtilElements.xpo 
2017/05/10;04:29:44;+0200;US;Microsoft Corporation;157.55.39.195;/uploads/RUHAExportUtilElements/Class_RUHAExportUtilElements_V01_06.xpo 
2017/05/13;19:49:54;+0200;RU;Yandex enterprise network;5.255.253.70;/uploads/RUHAExportUtilElements/5.0/Class_RUHAExportUtilElements.xpo 
2017/05/13;19:49:57;+0200;RU;Yandex enterprise network;5.255.253.70;/uploads/RUHAExportUtilElements/6.0/Class_RUHAExportUtilElements.xpo 
2017/06/01;12:01:45;+0200;IN;Aristocrat Technologies India Pvt Ltd;103.233.101.2;/uploads/AxDynManager/AxDynManagerV1.03.zip 
2017/06/01;12:14:57;+0200;US;Google Inc.;107.178.195.205;/uploads/AxDynManager 
2017/06/01;12:14:58;+0200;US;Google Inc.;107.178.195.201;/uploads/AxDynManager/ 
2017/06/01;12:15:02;+0200;US;Trustwave Holdings, Inc.;204.13.201.137;/uploads/AxDynManager 
2017/06/01;12:16:04;+0200;US;Forcepoint, LLC;204.15.68.17;/uploads/AxDynManager 
2017/06/01;12:16:04;+0200;US;Forcepoint, LLC;204.15.68.17;/uploads/AxDynManager/ 
2017/06/01;12:20:31;+0200;US;Digital Ocean, Inc.;45.55.224.77;/uploads/AxDynManager 
2017/06/01;12:20:31;+0200;US;Digital Ocean, Inc.;45.55.224.77;/uploads/AxDynManager/ 
2017/06/01;12:29:54;+0200;IN;Aristocrat Technologies India Pvt Ltd;103.233.101.2;/uploads/AxDynManager 
2017/06/01;12:29:54;+0200;IN;Aristocrat Technologies India Pvt Ltd;103.233.101.2;/uploads/AxDynManager/ 
2017/06/01;12:30:41;+0200;IN;Aristocrat Technologies India Pvt Ltd;103.233.101.2;/uploads/AxDynManager 
2017/06/01;12:30:41;+0200;IN;Aristocrat Technologies India Pvt Ltd;103.233.101.2;/uploads/AxDynManager/ 
2017/06/01;12:39:25;+0200;IN;Aristocrat Technologies India Pvt Ltd;103.233.101.2;/uploads/AxDynManager 
2017/06/01;12:39:26;+0200;IN;Aristocrat Technologies India Pvt Ltd;103.233.101.2;/uploads/AxDynManager/ 
2017/06/01;12:53:08;+0200;IT;Aruba Cloud;94.177.236.238;/uploads/AxDynManager 
2017/06/01;12:53:08;+0200;IT;Aruba Cloud;94.177.236.238;/uploads/AxDynManager/ 
2017/06/01;13:10:29;+0200;US;Internap Network Services Corporation;64.74.215.1;/uploads/AxDynManager 
2017/06/01;13:10:29;+0200;US;Internap Network Services Corporation;64.74.215.1;/uploads/AxDynManager/ 
2017/06/01;22:27:32;+0200;US;Amazon Technologies Inc.;35.161.55.221;/uploads/AxDynManager 
2017/06/01;22:27:32;+0200;US;Amazon Technologies Inc.;35.161.55.221;/uploads/AxDynManager/ 
2017/06/03;01:40:09;+0200;PL;Neostrada PlusWarszawa;83.31.129.232;/uploads/AxDynManager 
2017/06/03;01:40:09;+0200;PL;Neostrada PlusWarszawa;83.31.129.232;/uploads/AxDynManager/ 
2017/06/05;06:56:32;+0200;CN;Huawei Public Cloud Service (Huawei Software Technologies Ltd.Co)No.2018 Xuegang Road,Bantian street,Longgang District,Shenzhen,Guangdong Province, 518129 P.R.China;114.115.190.4;/uploads/AxDynManager 
2017/06/05;13:43:03;+0200;CA;Bell Canada;204.101.161.159;/uploads/AxDynManager 
2017/06/05;13:43:03;+0200;CA;Bell Canada;204.101.161.159;/uploads/AxDynManager/ 
2017/06/05;13:43:03;+0200;CA;Bell Canada;204.101.161.159;/uploads/AxDynManager/ 
2017/06/07;14:31:55;+0200;US;Yahoo! Inc.;68.180.230.235;/uploads/AxDynManager/AxDynManagerV1.02.zip 
2017/06/07;15:19:21;+0200;US;Star Wireless, Inc.;66.207.240.50;/uploads/RUHAExportUtilElements/Class_RUHAExportUtilElements_V01_06.xpo 
2017/06/08;12:16:29;+0200;DK;TDC VOD/IPTV service;188.182.160.189;/uploads/DevCreateClasses/6.0/DevCreateClasses.zip 
2017/06/10;23:38:21;+0200;RU;;37.147.97.179;/uploads/AxDynManager 
2017/06/10;23:38:25;+0200;RU;;37.147.97.179;/uploads/AxDynManager/ 
2017/06/12;17:44:07;+0200;US;Yahoo! Inc.;68.180.230.235;/uploads/DevCreate/DevCreateV1.05.zip 
2017/06/21;16:01:11;+0200;NL;Advanced Hosters B.V.;46.229.168.68;/uploads/RUHAExportUtilElements/Class_RUHAExportUtilElements_V01_06.xpo 
2017/06/22;10:11:39;+0200;US;Yahoo! Inc.;68.180.230.235;/uploads/DevCreate/DevCreateV1.06.zip 
2017/06/25;20:17:24;+0200;US;Yahoo! Inc.;68.180.230.235;/uploads/DevCreateClasses/6.0/DevCreateClasses.zip 
2017/07/03;23:37:31;+0200;US;Yahoo! Inc.;68.180.230.235;/uploads/RUHAExportUtilElements/6.0/Class_RUHAExportUtilElements.xpo 
2017/07/04;00:28:28;+0200;US;Yahoo! Inc.;68.180.230.235;/uploads/AXTestService/AXTestService.zip 
2017/07/07;00:40:35;+0200;FR;Please visit us : http://www.3ds.com;178.255.215.92;/uploads/RUHAExportUtilElements/Class_RUHAExportUtilElements_V01_06.xpo 
2017/07/07;03:45:12;+0200;NL;Advanced Hosters B.V.;46.229.168.80;/uploads/RUHAExportUtilElements/Class_RUHAExportUtilElements_V01_06.xpo 
2017/07/07;03:45:29;+0200;NL;Advanced Hosters B.V.;46.229.168.68;/uploads/RUHAExportUtilElements/5.0/Class_RUHAExportUtilElements.xpo 
2017/07/07;03:45:48;+0200;NL;Advanced Hosters B.V.;46.229.168.79;/uploads/RUHAExportUtilElements/6.0/Class_RUHAExportUtilElements.xpo 
2017/07/07;13:03:08;+0200;US;Yahoo! Inc.;68.180.228.162;/uploads/AxDynManager/AxDynManagerV1.02.zip 
2017/07/08;17:31:16;+0200;US;Google Inc.;66.249.70.9;/uploads/RUHAExportUtilElements/Class_RUHAExportUtilElements_V01_06.xpo 
2017/07/10;05:40:09;+0200;US;Yahoo! Inc.;68.180.230.215;/uploads/AxDynManager/AxDynManagerV1.01.zip 
2017/07/11;01:28:07;+0200;US;Yahoo! Inc.;68.180.230.215;/uploads/AxDynManager/AxDynManagerV1.00.zip 
2017/07/12;03:01:09;+0200;US;Yahoo! Inc.;68.180.230.215;/uploads/RUHAExportUtilElements/5.0/Class_RUHAExportUtilElements.xpo 
2017/07/14;08:53:31;+0200;US;Yahoo! Inc.;68.180.230.215;/uploads/AXCompileProgress/AXCompileProgressV1.00.zip 
2017/07/16;02:21:28;+0200;US;Yahoo! Inc.;68.180.230.215;/uploads/RUHAExportUtilElements/Class_RUHAExportUtilElements_V01_06.xpo 
2017/07/21;02:19:50;+0200;RU;Yandex enterprise network;5.255.253.70;/uploads/RUHAExportUtilElements/Class_RUHAExportUtilElements_V01_06.xpo 
2017/07/24;01:47:43;+0200;NL;Advanced Hosters B.V.;46.229.168.69;/uploads/RUHAExportUtilElements/5.0/Class_RUHAExportUtilElements.xpo 
2017/07/24;01:48:01;+0200;NL;Advanced Hosters B.V.;46.229.168.73;/uploads/RUHAExportUtilElements/Class_RUHAExportUtilElements_V01_06.xpo 
2017/07/24;01:48:31;+0200;NL;Advanced Hosters B.V.;46.229.168.76;/uploads/RUHAExportUtilElements/6.0/Class_RUHAExportUtilElements.xpo 
2017/08/04;05:27:29;+0200;MY;TMNET;219.92.245.242;/uploads/AXTestService/AXTestService.zip 
2017/08/04;05:28:04;+0200;MY;TMNET;219.92.245.242;/uploads/AXTestService/AXTestService.zip 
2017/08/07;15:19:04;+0200;NL;Advanced Hosters B.V.;46.229.168.71;/uploads/RUHAExportUtilElements/6.0/Class_RUHAExportUtilElements.xpo 
2017/08/07;15:19:29;+0200;NL;Advanced Hosters B.V.;46.229.168.67;/uploads/RUHAExportUtilElements/5.0/Class_RUHAExportUtilElements.xpo 
2017/08/07;15:19:49;+0200;NL;Advanced Hosters B.V.;46.229.168.78;/uploads/RUHAExportUtilElements/Class_RUHAExportUtilElements_V01_06.xpo 
2017/08/08;22:49:44;+0200;US;Yahoo! Inc.;68.180.229.225;/uploads/RUHAExportUtilElements/6.0/Class_RUHAExportUtilElements.xpo 
2017/08/10;23:20:41;+0200;RU;Yandex enterprise network;213.180.203.18;/uploads/RUHAExportUtilElements/Class_RUHAExportUtilElements_V01_06.xpo 
2017/08/12;21:58:13;+0200;RU;Yandex enterprise network;213.180.203.18;/uploads/RUHAExportUtilElements/5.0/Class_RUHAExportUtilElements.xpo 
2017/08/12;21:58:17;+0200;RU;Yandex enterprise network;213.180.203.18;/uploads/RUHAExportUtilElements/6.0/Class_RUHAExportUtilElements.xpo 
2017/08/13;04:51:35;+0200;RU;Yandex enterprise network;213.180.203.18;/uploads/RUHAExportUtilElements/6.0/Class_RUHAExportUtilElements.xpo 
2017/08/13;04:51:39;+0200;RU;Yandex enterprise network;213.180.203.18;/uploads/RUHAExportUtilElements/5.0/Class_RUHAExportUtilElements.xpo 
2017/08/13;11:45:26;+0200;RU;Yandex enterprise network;213.180.203.18;/uploads/RUHAExportUtilElements/6.0/Class_RUHAExportUtilElements.xpo 
2017/08/13;11:45:30;+0200;RU;Yandex enterprise network;213.180.203.18;/uploads/RUHAExportUtilElements/5.0/Class_RUHAExportUtilElements.xpo 
2017/08/13;18:16:54;+0200;RU;Yandex enterprise network;213.180.203.18;/uploads/RUHAExportUtilElements/6.0/Class_RUHAExportUtilElements.xpo 
2017/08/13;18:16:58;+0200;RU;Yandex enterprise network;213.180.203.18;/uploads/RUHAExportUtilElements/5.0/Class_RUHAExportUtilElements.xpo 
2017/08/18;05:39:27;+0200;KR;SK Broadband Co Ltd;116.126.102.227;/uploads/AxDynManager/AxDynManagerV1.03.zip 
2017/08/19;16:53:46;+0200;US;Yahoo! Inc.;68.180.229.225;/uploads/DevCreate/DevCreateV1.06.zip 
2017/08/22;01:24:57;+0200;NL;Advanced Hosters B.V.;46.229.168.69;/uploads/RUHAExportUtilElements/5.0/Class_RUHAExportUtilElements.xpo 
2017/08/22;01:25:27;+0200;NL;Advanced Hosters B.V.;46.229.168.76;/uploads/RUHAExportUtilElements/Class_RUHAExportUtilElements_V01_06.xpo 
2017/08/22;01:25:34;+0200;NL;Advanced Hosters B.V.;46.229.168.66;/uploads/RUHAExportUtilElements/6.0/Class_RUHAExportUtilElements.xpo 
2017/08/23;06:21:52;+0200;US;Yahoo! Inc.;68.180.229.225;/uploads/AxDynManager/AxDynManagerV1.02.zip 
2017/08/24;21:39:52;+0200;US;Yahoo! Inc.;68.180.229.225;/uploads/RUHAExportUtilElements/5.0/Class_RUHAExportUtilElements.xpo 
2017/08/30;10:38:25;+0200;US;Yahoo! Inc.;68.180.229.225;/uploads/DevCreate/DevCreateV1.05.zip 
2017/09/05;15:13:26;+0200;NL;Advanced Hosters B.V.;46.229.168.72;/uploads/RUHAExportUtilElements/5.0/Class_RUHAExportUtilElements.xpo 
2017/09/05;15:13:44;+0200;NL;Advanced Hosters B.V.;46.229.168.75;/uploads/RUHAExportUtilElements/Class_RUHAExportUtilElements_V01_06.xpo 
2017/09/05;15:14:08;+0200;NL;Advanced Hosters B.V.;46.229.168.66;/uploads/RUHAExportUtilElements/6.0/Class_RUHAExportUtilElements.xpo 
2017/09/15;10:19:15;+0200;DK;;193.219.27.230;/uploads/AxDynManager/AxDynManagerV1.03.zip 
